species_id,scientific_name,common_name,habitat,elevation_range,geographic_region,leaf_shape,leaf_colour,size_category,size_height_feet,size_height_meters,size_reference_us,roesette_pattern,flowering_characteristics,mezcal_use,conservation_status,growth_habit,notes,source,image_URL_1,image_URL_2,image_URL_3,management_category,suit,playing_suit,rank,producers
1,Agave angustifolia,Espadín,Valleys & Villages,1500-2500 m,Southern Mexico; Oaxaca; many DO states,narrow lanceolate,blue-green to grey-green,medium,2.5–4.5 ft,0.76–1.37 m,BBQ grill,stemless rosette,Paniculate inflorescence c. 4-6 m; monocarpic; bat and insect pollinated,Main cultivated mezcal agave; 6-8 year maturity; very widely planted,Least Concern,evergreen succulent rosette,Highly variable; source of most commercial mezcal and many hybrids,IUCN; Useful Tropical Plants; Kew POWO; Del Maguey espadÃ­n profile,https://delmaguey.com/wp-content/uploads/2024/04/agave-espadin-featured.webp,https://www.shutterstock.com/shutterstock/photos/2549279751/display_1500/stock-photo-angustifolia-is-a-species-of-agave-plant-native-to-mexico-and-central-america-agave-angustifolia-2549279751.jpg,https://tropical.theferns.info/plantimages/sized/b/d/bd23c6a37204920cd1109196077b86542a3be167_960px.jpg,Cultivated_workhorse,Compact_rosettes,Hearts,2,"""Ilegal Mezcal,Real Minero,Mezcal Vago,Paquera,QuiQuiRiQui"""
2,Agave potatorum,Tobalá,Forest & Semi-tropical Zones,1300-2400 m,SW Mexico; S Puebla to Veracruz and central Oaxaca,broadly ovate to lanceolate,glaucous blue-green,small,1–2.5 ft,0.3–0.76 m,American football,compact stemless rosette,Paniculate spike 3-5 m; monocarpic; produces many bulbils and seed,"High value wild and semi managed mezcal; sweet, floral spirits",Vulnerable,evergreen succulent rosette,Restricted range and heavy wild harvest for mezcal,IUCN Red List 2020; Useful Tropical Plants; Kew POWO; UA Arboretum,https://inaturalist-open-data.s3.amazonaws.com/photos/1579155/medium.JPG,https://inaturalist-open-data.s3.amazonaws.com/photos/226960734/medium.jpeg,https://delmaguey.com/wp-content/uploads/2021/02/Agave-Tobala-600.jpg,Wild_at_risk,Compact_rosettes,Hearts,3,"""Del Maguey,Mezcal Vago,Rey Campero, El Jolgorio,Bruxo"""
3,Agave marmorata,Tepeztate,Mountains & Canyons,550-2300 m,Endemic to Oaxaca and Puebla,lanceolate,grey-green with marbled tones,large,4.5–7 ft,1.37–2.13 m,Human,stemless to short stemmed rosette,Tall branched spike 6-8 m; monocarpic; bat pollinated,Long maturing wild mezcal agave; intense savoury herbal mezcals,Least Concern,evergreen succulent rosette,Very long life cycle (20+ years) so highly sensitive to overharvest,IUCN 2019; People and Plants mezcal profile; Useful Tropical Plants,https://delmaguey.com/wp-content/uploads/2021/02/Agave-Tepextate-600.jpg,https://images.squarespace-cdn.com/content/v1/5baaf20caf4683107500771a/1602905850005-JMTT75A0KMRUH1TCEZ5U/Aniceto+Tepextate+.jpg?format=1500w,https://mezcal.org/wp-content/uploads/2023/10/P385A-MagueyTepeztateAgavemarmorata.webp,Wild_stable,Columns,Hearts,4,"""Del Maguey,,Gracias a Dios,The Producer,Mezcal Vago,Rezpiral"""
4,Agave karwinskii,Cuishe,Mountains & Canyons,1200-2200 m,Southern Oaxaca karwinskii zone,narrow lanceolate,blue-green to grey-green,medium,6–12 ft,1.83–3.66 m,BBQ grill,trunk forming column with terminal rosette,Tall spike 4-6 m; monocarpic,"Wild and semi wild mezcal agave; earthy, mineral, woody profiles",Not evaluated (local concern),evergreen succulent on woody stem,Trunk forming habit used as living fences; many named landraces,EthnobiologÃ­a A. karwinskii; mezcal producer notes; Desert Museum agave ecology,https://images.squarespace-cdn.com/content/v1/5baaf20caf4683107500771a/1602907779150-A49YZYOV71ZHKW1IJ5IX/cuixeverde_jl.jpg?format=750w,https://mezcologia.mx/wp-content/uploads/2016/03/Karwinskii-4.jpg,https://mezcal.org/wp-content/uploads/2023/10/Agavekarwinskii_MagueyCuishe_2.webp,Managed_wild,Columns,Hearts,5,"""Rey Campero,Gracias a Dios,Victorioso,Mezcal de Leyendas,El Jolgorio"""
5,Agave karwinskii,Barril,Mountains & Canyons,1200-2200 m,"Oaxaca, especially MiahuatlÃ¡n",narrow lanceolate,light blue-green,large,6–12 ft,1.83–3.66 m,Human,trunk forming column with large spherical rosette,Paniculate spike to c. 6 m; monocarpic,"Highly prized mezcal agave; structured, mineral spirits",Not evaluated (local concern),evergreen succulent on woody stem,Large piÃ±as up to a few hundred kilos when mature,NETA Spirits Madrecuixe profile; A. karwinskii management papers,https://images.squarespace-cdn.com/content/v1/5baaf20caf4683107500771a/1602906840116-UABYZ0IE7B8ZA612PVPC/madrecuixe.jpg?format=750w,https://delmaguey.com/wp-content/uploads/2021/02/Agave-Madrecuixe-600.jpg,https://ausagave.com.au/wp-content/uploads/2025/03/Agave-karwinskii.jpg,Managed_wild,Columns,Hearts,6,"""Rey Campero,Del Maguey,El Jolgorio,Cinco Sentidos,Gusto Histórico"""
6,Agave karwinskii,Madrecuixe,Mountains & Canyons,1200-2200 m,Oaxaca karwinskii belt,narrow lanceolate,blue-green,medium,6–12 ft,1.83–3.66 m,BBQ grill,slender trunk with barrel like rosette,Paniculate spike; monocarpic,Wild and semi wild mezcal; spicy mineral profile,Not evaluated (local concern),evergreen succulent on woody stem,Name refers to barrel shaped rosette on pole like stem,Karwinskii diversity studies; mezcal producer notes,https://delmaguey.com/wp-content/uploads/2024/08/Agave-barril-featured.webp,https://delmaguey.com/wp-content/uploads/2021/02/Agave-Barril-600.jpg,https://delmaguey.com/wp-content/uploads/2024/08/barril-agave.webp,Managed_wild,Columns,Hearts,7,"""Del Maguey,Real Minero,Rezpiral,Creador,Paquera"""
7,Agave karwinskii,Bicuixe,Mountains & Canyons,1200-2000 m,Oaxaca,narrow lanceolate,grey-green,medium,6–12 ft,1.83–3.66 m,BBQ grill,slender trunk with small rosette,Paniculate spike; monocarpic,Regional mezcal type; lean stony profile,Not evaluated (local concern),evergreen succulent on woody stem,Name and morphology vary strongly by village,Traditional knowledge papers on A. karwinskii,https://images.squarespace-cdn.com/content/v1/5baaf20caf4683107500771a/1602906998478-X949LO93Z8PH08OLUYGQ/bicuixe%28mixed+karwinskiis%29.jpg?format=1000w,https://images.squarespace-cdn.com/content/v1/5baaf20caf4683107500771a/1602906971782-YZJ0WQ3CCEUW1MY4WMLQ/bicuixe+%281%29.jpg?format=1000w,https://www.mezcalreviews.com/wp-content/uploads/2020/05/agave-bicuixe-maguey-karwinskii-mezcal.jpg,Managed_wild,Columns,Hearts,8,"""Neta,5 Sentidos,Gusto Histórico,Mal Bien,Cortijo"""
8,Agave karwinskii,Tobaziche,Mountains & Canyons,1200-2200 m,Oaxaca,narrow lanceolate,blue-green,medium,6–12 ft,1.83–3.66 m,BBQ grill,trunk forming column with long rosette,Paniculate spike; monocarpic,Common karwinskii mezcal; herbal and green profile,Not evaluated (local concern),evergreen succulent on woody stem,Often used as generic label for several karwinskii forms,Karwinskii ethnobotany; mezcal brand technical sheets,https://delmaguey.com/wp-content/uploads/2021/02/Agave-Tobaziche-600.jpg,https://images.squarespace-cdn.com/content/v1/5baaf20caf4683107500771a/1602906586478-CEEE8K4EEMKE85QSNM6D/yungtobaziche.jpg?format=1500w,https://grulani.com/wp-content/uploads/tobasiche-4.jpg,Managed_wild,Columns,Hearts,9,"""Del Maguey,Lalocura,Rezpiral,El Jolgorio,Grulani"""
9,Agave sp. (Maguey Lumbre),Lumbre,Mountains & Canyons,1500-1900 m,Central Valleys of Oaxaca; San Baltazar Guelavila and nearby communities,narrow lanceolate,blue-green to grey-green,medium,3-6 ft,0.9-1.8 m,BBQ grill,dense rosette on short stem; hillside plant,Paniculate spike c. 4-6 m; monocarpic; bat and insect pollinated,Small-batch hillside mezcal maguey; c. 7 year maturation; used for high-proof artisanal mezcal in San Baltazar Guelavila,Not evaluated (local landrace; limited distribution),evergreen succulent rosette,"Unclassified local variety similar to espadín; managed in hillside plots around San Baltazar Guelavila; flavour profile noted as mineral, floral and slightly oily",Koch Lumbre and Grulani Lumbre labels; Mezcalistas profile; regional mezcal discussions,https://scontent-bog2-2.xx.fbcdn.net/v/t1.6435-9/83765326_2756856004369624_4133970107607023616_n.png?_nc_cat=111&ccb=1-7&_nc_sid=127cfc&_nc_ohc=GgrunRiEgMcQ7kNvwHh25GJ&_nc_oc=AdkjF9TlYS-284sB4KaQA-SYTim2CDs0odzl6syuWPDXaMHuZTMNmA7rMn6SEFmlqAc&_nc_zt=23&_nc_ht=scontent-bog2-2.xx&_nc_gid=AbHuc8D3eOY0QHtLFTennw&oh=00_Afmlpad3Mr-Ah1pAcE0cXyjtN2j_db66FP62pw2kHWzpJw&oe=69590A77,https://grulani.com/wp-content/uploads/lumbre-3.jpg,https://cdn.blockbar.com/web-assets/releases/mezcal-amaras-logia-lumbre/AgaveSection/asset-1.jpg,Managed_wild,Columns,Hearts,10,"""Creador,Grulani,Rezpiral,Amarás,Carreño"""
10,Agave montana,Mountain Agave,Mountains & Canyons,2600-3500 m,"High mountains of NE Mexico (Tamaulipas, Nuevo León)",broad lanceolate,glossy to dark green with bud-imprint markings,large,3-4 ft,0.9-1.2 m,Human,tight artichoke-like stemless rosette,Tall branched spike c. 4-5 m; monocarpic; bat and moth pollinated,Occasional wild-harvest mountain mezcal in NE Mexico; more often grown as ornamental despite good sugar content,Not evaluated (high-mountain species; locally common in suitable habitat),evergreen succulent rosette,Cold-tolerant high-elevation maguey growing in pine-oak forests on steep slopes; likely contributor to future high-altitude mezcal experiments,Llifle; nursery descriptions; field notes on Agave montana ecology,https://inaturalist-open-data.s3.amazonaws.com/photos/338446052/medium.jpeg,https://inaturalist-open-data.s3.amazonaws.com/photos/177228377/medium.jpeg,https://static.inaturalist.org/photos/52634148/medium.jpeg,Wild_stable,Columns,Spades,2,"""Mezcales de Leyenda,,El Tinieblo"""
11,Agave americana var. oaxacensis,Arroqueño,Valleys & Villages,1200-2200 m,Oaxaca central valleys and surrounding sierras,broad lanceolate,blue grey to glaucous,very_large,6–10 ft,1.83–3.05 m,Basketball hoop,large stemless to short stemmed rosette,Very tall spike 6-10 m; monocarpic; bat pollinated,Huge traditional mezcal agave; big layered spirits,Not evaluated (widespread A. americana complex),evergreen succulent rosette,Very large piÃ±as and long maturation (15+ years),Oaxaca agave fichas; mezcal field guides; Food and Wine agave guide,https://delmaguey.com/wp-content/uploads/2021/02/Agave-Arroqueno-600.jpg,https://inaturalist-open-data.s3.amazonaws.com/photos/13931458/medium.jpg,https://inaturalist-open-data.s3.amazonaws.com/photos/13931458/medium.jpg,Managed_wild,Giants,Spades,3,"""Koch,Siete Misterios,Producer Mezcal,Real Minero,5 Sentidos"""
12,Agave americana (Sierra Negra form),Sierra Negra,Mountains & Canyons,1600-2400 m,Oaxaca highlands and adjacent states,broad lanceolate,dark green to grey green,large,4.5–7 ft,1.37–2.13 m,Human,stemless to short stemmed rosette,Tall spike 6-8 m; monocarpic,Wild mezcal agave in some regions,Not evaluated,evergreen succulent rosette,Local subvariety of Americana group; often wild harvested,Mezcal bar reference lists; ArroqueÃ±o/Sierra Negra descriptions,https://www.naplesgarden.org/wp-content/uploads/2023/06/Agave-Americana1-2-702x526.jpg,http://gourmetdemexico.com.mx/wp-content/uploads/2018/01/gourmet_mezcal_sierrengra_opt.jpg,https://i0.wp.com/www.puntiagudo.com/wp-content/uploads/2025/05/ROAD-TO-SANTA-CATARINA-ALBARRADAS-1-scaled.jpg?fit=2560%2C1920&ssl=1,Wild_stable,Giants,Spades,4,"""Rey Campero,Marca Negra,5 Sentidos,Mal Bien,La Medida"""
13,Agave americana / Agave lyobaa,Coyote,Mountains & Canyons,1400-2200 m,Oaxaca and neighbouring states,lanceolate,yellow green to bright green,large,4.5–7 ft,1.37–2.13 m,Human,stemless to short stemmed rosette,Paniculate spike c. 6-8 m; monocarpic,Hybrid or americana like mezcal agave; rich herbaceous spirits,Not evaluated,evergreen succulent rosette,Name used for several americana or hybrid types depending on village,Food and Wine agave species guide; Oaxaca agave fichas,https://images.squarespace-cdn.com/content/v1/5baaf20caf4683107500771a/1602906323882-4EA73QU6DVCS2JJL1XSK/coyote.jpg?format=750w,https://images.squarespace-cdn.com/content/v1/5baaf20caf4683107500771a/1602906370562-0TDE9WWVQQIAQ2WTCEYR/coyote2.jpg?format=1000w,https://ausagave.com.au/wp-content/uploads/2025/03/Agave-lyobaa.jpg,Wild_stable,Giants,Spades,5,"""Creador,Noble Coyote,Mezcal de Leyendas,El Jolgorio,Los Siete Misterios"""
14,Agave rhodacantha,Mexicano,Mountains & Canyons,1000-2500 m,"From Sonora to Oaxaca, especially Oaxaca mezcal zones",broad lanceolate,pale to medium green,large,4.5–7 ft,1.37–2.13 m,Human,stemless rosette,Tall inflorescence 5-7 m; monocarpic,One of main wild and semi cultivated mezcal species; dense oily spirits,Data deficient in IUCN; widely used species,evergreen succulent rosette,"Managed and cultivated in some areas, heavily wild harvested in others",CONABIO maguey mexicano ficha; mezcal ecology papers; Food and Wine guide,https://agaves.pro/wp-content/uploads/2024/12/Agave-Rodhacantha-con-Nombres.png,https://www.mezcalistas.com/wp-content/uploads/2021/12/download-6.jpg,https://mezcal.org/wp-content/uploads/2023/10/P387A-MagueyMexicanoAgaverhodacantha.webp,Managed_wild,Giants,Spades,6,"""Mezcal Amarás,Creador,El Jolgorio,Mezcal de Leyendas,El Buho"""
15,Agave maximiliana / Agave rhodacantha (regional use),Masparillo,Mountains & Canyons,1200-2200 m,Durango; Zacatecas; Sierra Madre Occidental,lanceolate,blue-green,medium,2.5–4.5 ft,0.76–1.37 m,BBQ grill,stemless to short stemmed rosette,Paniculate spike c. 5-7 m; monocarpic,Regional mezcal species and raicilla relative; rustic profiles,Not evaluated,evergreen succulent rosette,Label used for more than one taxon; data here is schematic,Regional mezcal and agave diversity papers,https://inaturalist-open-data.s3.amazonaws.com/photos/58979996/medium.jpg,https://inaturalist-open-data.s3.amazonaws.com/photos/36037090/medium.jpeg,https://agaves.pro/wp-content/uploads/2024/12/Agave-Maximiliana-con-Nombre.png,Managed_wild,Compact_rosettes,Spades,7,"""Burrito Fiestero,Lamata,Mexicat,La Venenosa,Hacienda de Bañuelos"""
16,Agave cupreata,Papalote,Forest & Semi-tropical Zones,1200-1800 m,Rio Balsas basin; Guerrero and MichoacÃ¡n,lanceolate,olive to copper tinged green with reddish spines,medium,2.5–4.5 ft,0.76–1.37 m,BBQ grill,stemless rosette,Paniculate spike 4-7 m; monocarpic; seed only reproduction,Flagship wild mezcal agave of Guerrero and MichoacÃ¡n,Endangered,evergreen succulent rosette,No clonal offsets; long maturation (5-15 years); very vulnerable to overharvest,IUCN Red List 2020; Kew POWO; Useful Tropical Plants; climate and habitat studies,https://delmaguey.com/wp-content/uploads/2024/08/agave-cupreata.webp,https://www.mezcalreviews.com/wp-content/uploads/2020/05/agave-cupreata-maguey-mezcal.jpg,https://delmaguey.com/wp-content/uploads/2021/02/Agave-Papalome-600.jpg,Wild_at_risk,Compact_rosettes,Spades,8,"""Entre Maguey,Clase Azul,Mezcalosfera,Mal Bien"""
17,Agave inaequidens,Alto,Mountains & Canyons,1400-3000 m,"Central Mexico; Trans Mexican Volcanic Belt (MichoacÃ¡n, Jalisco, Guanajuato)",broadly lanceolate to oblanceolate,light green to yellow green,large,4.5–7 ft,1.37–2.13 m,Human,short stemmed open rosette,Paniculate spike 5-8 m; monocarpic,Important regional mezcal species; also domestication ancestor for A. hookeri,Least Concern,evergreen succulent rosette,Wild and semi managed stands; focus of sustainable harvest research,Useful Tropical Plants; Figueredo inaequidens papers; IUCN listing,https://agaves.pro/wp-content/uploads/2024/12/Agave-Inaequides-con-Nombre.png,https://worldofsucculents.com/wp-content/uploads/2020/11/Agave-inaequidens1.jpg,https://scontent-bog2-1.xx.fbcdn.net/v/t39.30808-6/492082431_9370065823118957_8034030638804062017_n.jpg?_nc_cat=101&ccb=1-7&_nc_sid=127cfc&_nc_ohc=IWvuUAGv73cQ7kNvwGlf7Fd&_nc_oc=Adlw3HCIb2Z5p8aX6KUdyXQ1ue4t8TanVdEvtV4J7rMILyUGktdWZhDAvnFDMJPsOVQ&_nc_zt=23&_nc_ht=scontent-bog2-1.xx&_nc_gid=kbq5pSCMyjmjN3zZUNv9aw&oh=00_AfmxcFbc6KkaS_R_Sx5847__A-LMVM646de9G8FFtwKc-g&oe=69366D9C,Managed_wild,Giants,Spades,9,"""Maguey Melate,Don Mateo,Mal Bien,Palomas Mensajeras,Mocel"""
18,Agave salmiana,Salmiana,Arid Plateaus & Desert,1400-2400 m,Central Mexico; Hidalgo; San Luis PotosÃ­; Zacatecas; Guanajuato,broad lanceolate,dark green to grey green,very_large,6–10 ft,1.83–3.05 m,Basketball hoop,large stemless rosette,Very tall spike up to c. 8-10 m; monocarpic,Traditional agave for pulque and regional mezcal; also fibre,Least Concern (species complex),evergreen succulent rosette,Highly productive species adaptable to warmer drier climates,Agave salmiana community studies; agave ecology reviews; INIFAP articles,https://mezcaldeleyendas.com/wp-content/uploads/2020/08/MDL-Aprende-MANSO.jpg,https://agaves.pro/wp-content/uploads/2024/12/Agave-Salmiana-con-Nombre.png,https://i2.wp.com/mezcologia.mx/wp-content/uploads/2021/04/1280px-Agave_salmiana_ferox-Teresa-Grau-Ros-.jpeg?ssl=1,Cultivated_workhorse,Giants,Spades,10,"""The Lost Explorer,Mezcal Derrumbes,Don Ramon,Mezcal Metiche"""
19,Agave salmiana subsp. crassispina,Cimarrón,Arid Plateaus & Desert,1400-2400 m,Central Mexico; Hidalgo; San Luis PotosÃ­; Zacatecas; QuerÃ©taro,lanceolate,grey-green,large,4.5–7 ft,1.37–2.13 m,Human,stemless rosette,Tall spike; monocarpic,Wild or feral plants harvested for mezcal and fibre,Not evaluated (subspecies),evergreen succulent rosette,Subject of rangeland and plant community impact studies,AusAgave salmiana crassispina profile; plant community research,https://agaves.pro/wp-content/uploads/2024/12/Agave-Salmiana-con-Nombre.png,https://static.inaturalist.org/photos/2412081/medium.jpg,,Wild_stable,Spines_lechuguillas,Diamonds,2,"""Mezcal Durrumbes, Coyota, Mexicat"""
20,Agave durangensis,Cenizo Durangensis,Arid Plateaus & Desert,2000-2600 m,Northern and central Durango; parts of Zacatecas and Jalisco,broad lanceolate,grey-green with ashy coating,large,4.5–7 ft,1.37–2.13 m,Human,short stemmed to stemless rosette,Very tall spike 7-8 m; monocarpic,Flagship mezcal agave of Durango DO; fruity creamy cenizo mezcals,Not evaluated (wild species under pressure),evergreen succulent rosette,Endemic medium to large maguey; wild and semi cultivated; key economic species,Durango agave notes; Mezcalistas cenizo profile; CONABIO and INIFAP reports,https://static.inaturalist.org/photos/2074417/medium.JPG,https://apaluz.com.mx/wp-content/uploads/2020/04/APALUZ-Agave-Para-Mezcal-19.jpg,https://worldofsucculents.com/wp-content/uploads/2021/03/Agave-durangensis2.jpg,Wild_at_risk,Giants,Diamonds,3,"""Sacro Imperio,Mil Lumbres,Mezcal de Leyendas,Lágrimas de Dolores"""
21,Agave americana sahuayensis,Chato de Sahuayo,Arid Plateaus & Desert,"1,400-1,600 m","Western Michoacán, Mexico, particularly around Sahuayo",lanceolate-oblanceolate,bluish-gray,very_large,6-10 ft,1.8-3 m,Human,"dense, basal","Monocarpic, 8-9 m, inflorescence with yellow-green flowers after 10-30 years.","Cultivated mezcal crop, primary agave for mezcal in Sahuayo region; cultivated with no specific IUCN status but monitored amid demand",Not evaluated (widespread A. americana complex).,evergreen succulent rosette,"Regional mezcal landrace from Sahuayo arid plateaus in western Michoacán; large, glaucous-leaved succulent with robust offsets, prized for high sap yield in “Manso Sahuayo” mezcal.","Sahuayo tourism site (ruta-del-mezcal-de-sahuayo), Mezcalistas agave species archive, PMC: Management of domesticated agaves in Michoacán, Spanish Wikipedia: Agave americana, English Wikipedia: Agave americana, NC State Plant Toolbox: Agave americana, PlantZAfrica: Agave americana, NatureServe: Agave americana var. americana, IUCN GISD: Agave americana ",https://lalunamezcal.com/wp-content/uploads/2021/03/Manso_Sahuayo.jpg,Downloaded,,Managed_wild,Spines_lechuguillas,Diamonds,4,"""Mezcales de Leyenda,Lamata,Don Mateo de la Sierra"""
22,Agave maximiliana,Lechuguilla de la Sierra,Forest & Semi-tropical Zones,1200-2200 m,Western Mexico; Jalisco; Nayarit; Sierra Madre Occidental,lanceolate,blue-green,medium,2.5–4.5 ft,0.76–1.37 m,BBQ grill,stemless to short stemmed rosette,Flowering stem 5-8 m; monocarpic,Key species for raicilla and some mezcal style spirits,Likely Least Concern (regional pressure),evergreen succulent rosette,Endemic to western Mexico; heavy use for raicilla with sustainability concerns,Useful Tropical Plants; raicilla and maximiliana reviews; PictureThis and Seedaholic profiles,https://mezcologia.mx/wp-content/uploads/2019/07/34194946_623130308065440_2089670476208013312_n.jpg,https://inaturalist-open-data.s3.amazonaws.com/photos/862542/medium.jpg,https://inaturalist-open-data.s3.amazonaws.com/photos/258241068/original.jpeg,Managed_wild,Spines_lechuguillas,Diamonds,5,"""Raicilla De Una,Estancia Raicilla,Fidencio Spirits,Maguey Melate,Raicilla Perra Suerte"""
23,Agave shrevei,Lechuguilla Ceniza,Arid Plateaus & Desert,1200-2000 m,"Sierra Madre Occidental (Sonora; Chihuahua, adjacent states)",narrow lanceolate,grey-green to blue-grey,medium,2.5–4.5 ft,0.76–1.37 m,BBQ grill,stemless rosette,Paniculate spike; monocarpic,Local mezcal and related distillates in some Sierra Madre communities,Not evaluated,evergreen succulent rosette,Cold tolerant high elevation agave; also used for fibre,Useful Tropical Plants; regional floras for A. shrevei,https://www.rarepalmseeds.com/image/cache/data/a/agave-shrevei-subsp-shrevei-e10120331-380x760.jpg,"https://www.picturethisai.com/image-handle/website_cmsname/image/1080/153734317133004808.jpeg?x-oss-process=image/format,webp&v=1.0",https://www.rarepalmseeds.com/image/cache/data/a/agave-shrevei-subsp-matapensis_0_1_800x1600_38f67.jpg,Wild_stable,Spines_lechuguillas,Diamonds,6,"""Cumbrita de la Sierra,Rancho Tepua"""
24,Agave tequilana var. weber,Blue Weber,Valleys & Villages,1500-2000 m,Tequila region Jalisco and other tequila DO states; limited mezcal DO areas,narrow lanceolate,blue-green,medium,2.5–4.5 ft,0.76–1.37 m,BBQ grill,stemless rosette in plantation rows,Flowering usually suppressed in fields; wild plants with tall spike; monocarpic,Main tequila species; occasionally used in mezcal in certain regions,Least Concern (cultivar with genetic concerns),evergreen succulent rosette,Highly domesticated monoculture crop; genetic erosion an issue,Tequilana ecology and cultivation papers; Llifle and tequila DO info,https://agaves.pro/wp-content/uploads/2023/12/Agave-Tequilana-Weber-768x576.jpg,https://images.squarespace-cdn.com/content/v1/5baaf20caf4683107500771a/1602904111525-IWU497MXI8G3LWROJRYY/tequilana.JPG?format=2500w,https://hydroenv.com.mx/wp-content/uploads/2024/12/agavesgui1.jpg,Cultivated_workhorse,Compact_rosettes,Diamonds,7,"""Pierde Almas,La Luna,NETA,La Leyenda"""
25,Agave gentryi,Maguey Verde,Mountains & Canyons,1800-2600 m,Northern highlands of Nuevo LeÃ³n and Coahuila; Sierra Madre Oriental,lanceolate,blue-green,large,4.5–7 ft,1.37–2.13 m,Human,short stemmed rosette,Tall paniculate spike; monocarpic,Local mezcal and regional spirits; also ornamental and forage,Not evaluated,evergreen succulent rosette,Northern mezcal species with limited but growing recognition,AusAgave gentryi profile; northern Mexico agave surveys,https://colombia.inaturalist.org/photos/37746941,https://www.shutterstock.com/shutterstock/photos/1803450751/display_1500/stock-photo-full-frame-close-up-view-of-an-agave-gentryi-jaws-succulent-plant-1803450751.jpg,https://www.ruthbancroftgarden.org/wp/wp-content/uploads/Agave-gentryi-bed-E-1558-1152x1536.jpg,Wild_stable,Columns,Diamonds,8,"""Lamata,Pechotierra"""
26,Agave rhodacantha var.,Warash,Arid Plateaus & Desert,800-1400 m,"Guerrero, Mexico",lanceolate (square silhouette),light green to dark grey/blue,medium,3-6 ft,1-2 m,Human,"dense rosette, high leaf density","Slow-moderate growing shrub-like succulent; monocarpic with tall inflorescence (6-8 m) bearing flowers after 8-11 years, reproducing by seed and offsets.","Valued for high-yield, organoleptic-quality mezcal in Guerrero; emerging commercial potential amid limited cultivation.",Data Deficient.,evergreen succulent rosette,"Crimson spire agave from Guerrero rocky terrains; variable rosette size with robust, spiny pencas suited to marginal edaphoclimatic zones. ","SciELO agroecological studies, Useful Tropical Plants.",https://www.mezcalistas.com/wp-content/uploads/2021/12/download-6.jpg,,,Managed_wild,Spines_lechuguillas,Diamonds,9,"""Tosba"""
27,Agave americana var.,Rayo,Arid Plateaus & Desert,1200-1800 m,"Oaxaca (Miahuatlán, Logoche)",narrow upright lanceolate,"gray-green, glaucous",medium,4-6 ft,1.2-1.8  m,Human,"compact, symmetrical","Slow-growing with limited offsets; monocarpic after 15-25 years, producing tall branched inflorescence with yellow flowers.","Only niche artisanal mezcals (e.g., Neta Rayo) exist from homegrown plants, making it one of Oaxaca’s rarest commercial agaves with no widespread production. Unlike common variants like Espadín, Rayo represents a critically endangered cultivar preserved by dedicated mezcaleros.",Not evaluated (local concern - nearly extinct wild). ,evergreen succulent rosette,Obsidian-spined century plant landrace from Miahuatlán; narrow leaves and jet-black terminal spines create “lightning” silhouette; preserved from extinction by single mezcalero family.,"Neta Spirits, Mezcal Reviews, Miahuatlán agave studies.",https://images.squarespace-cdn.com/content/v1/5baaf20caf4683107500771a/1732914716738-Y0I99RVR0KACC8X7UIE4/e_round+labels_rayo.png?format=1500w,https://storage.googleapis.com/gx-global-cms/mkt/dbcb4c63-80bc-497a-ab9f-7cdb111c04ce.jpg,https://i.ebayimg.com/images/g/cUgAAOSwcLhhVOaR/s-l1600.webp,Cultivated_workhorse. ,Spines_lechuguillas,Diamonds,10,"""NETA,Quiote,Gusto Historico"""
28,Agave fourcroydes,Henequén,Arid Plateaus & Desert,0-500 m,"Yucatán Peninsula, southern Mexico",lanceolate (sword-shaped),grayish-green,very_large,6-8  ft,1.8-2.4 m,Human,"dense rosette, fibrous-leaved","Moderate-growing industrial fiber crop propagated by suckers; monocarpic, producing a 6 m stalk with greenish-white flowers after 15-30 years, yielding bulbils.","Major plantation crop for henequen fiber (ropes, twine); fermented piña used for regional mezcal and pulque; widely cultivated.",Not evaluated (widespread cultivated species). ,evergreen succulent rosette,Hardy fiber agave from Yucatán lowlands; industrial-scale plantations with durable leaves harvested twice yearly for 20+ years. ,"Britannica, Wikipedia, PFAF databases.",https://worldofsucculents.com/wp-content/uploads/2017/07/Agave-fourcroydes-Henequen4.jpg ,https://inaturalist-open-data.s3.amazonaws.com/photos/4779857/medium.jpg ,https://www.naturalezaparatodos.es/wp-content/uploads/2023/02/Agave-fourcroydes1-web.gif,Cultivated_workhorse. ,Spines_lechuguillas,Clubs,2,"""Erstwhile"""
29,Agave pacifica,Pacífica,Forest & Semi-tropical Zones,200-1200 m,Western Mexico; Pacific slope Sierra Madre Occidental,lanceolate,grey-green to blue-green,medium,2.5–4.5 ft,0.76–1.37 m,BBQ grill,stemless rosette,Paniculate spike; monocarpic,Traditional mezcal and raicilla like spirits in western Mexico,Not evaluated,evergreen succulent rosette,Western analogue to other mezcal agaves; taxonomy recently clarified,Regional raicilla and mezcal texts; western Mexico floras,https://upload.wikimedia.org/wikipedia/commons/thumb/6/6c/Agave_pacifica_1.jpg/1421px-Agave_pacifica_1.jpg?20080311130042,https://www.lineasecondaria.it/negozio/image/cache/data/canneti/241-500x500.jpg,https://blogger.googleusercontent.com/img/b/R29vZ2xl/AVvXsEhzY5y4iZlybYLqn9-ayKQk-YyJIesMs3sZ2YL5gBhoubugKwKI-wZdDJ4PhEKtyy6mNCazEREOmtmP43Oy1pe5TfAPa4eWV9Np9STd8GmHqKCpKYbyXTqGWV4RqoJD8xnwh2Nr6MHwftvk/w426-h640/IMG_6522.JPG,Managed_wild,Compact_rosettes,Clubs,3,"""Rancho Tepua,Mazot,Kilinga"""
30,Agave wocomahi,Wocomahi,Arid Plateaus & Desert,800-1800 m,Sierra Madre Occidental (north west Mexico),lanceolate,blue-green,medium,2.5–4.5 ft,0.76–1.37 m,BBQ grill,stemless rosette,Tall inflorescence; monocarpic,Local mezcal style spirits; minor but documented mezcal species,Not evaluated,evergreen succulent rosette,Very little popular information; known through floristic and mezcal surveys,Sierra Madre Occidental agave and mezcal inventories,https://inaturalist-open-data.s3.amazonaws.com/photos/140199737/medium.jpg,https://static.inaturalist.org/photos/355811515/medium.jpeg,https://www.agaveville.org/download/file.php?id=1505&sid=f921121b5460004ffa6e68cb8415cf4b,Wild_stable,Spines_lechuguillas,Clubs,4,"""Lágrimas de Dolores"""
31,Agave convallis,Jabalí,Mountains & Canyons,800-2000 m,Oaxaca; Guerrero and nearby states,lanceolate,pale to medium green,medium,2.5–4.5 ft,0.76–1.37 m,BBQ grill,stemless rosette,Tall spike; very foamy must; monocarpic,Notoriously difficult mezcal species due to saponins; wild harvested,Not evaluated (local concern),evergreen succulent rosette,Produces highly characterful but low yield mezcals; often blended,Food and Wine agave species guide; producer technical notes,https://static.inaturalist.org/photos/30849330/medium.jpg, ,https://images.squarespace-cdn.com/content/v1/5baaf20caf4683107500771a/1602905657586-5VHL3IG9KO9MI1GLI6GO/jabalin+solitario.JPG?format=750w,Wild_at_risk,Compact_rosettes,Clubs,5,"""Del Maguey,Rey Campero,El Jolgorio,Grulani,Mezcal Colores"""
32,Agave asperrima,Lamparillo,Arid Plateaus & Desert,0-500 m,"Yucatán Peninsula, southern Mexico",lanceolate (sword-shaped),grayish-green,very_large,6-8  ft,1.8-2.4 m,Human,"dense rosette, fibrous-leaved","Moderate-growing industrial fiber crop propagated by suckers; monocarpic, producing a 6 m stalk with greenish-white flowers after 15-30 years, yielding bulbils.","Major plantation crop for henequen fiber (ropes, twine); fermented piña used for regional mezcal and pulque; widely cultivated.",Not evaluated (widespread cultivated species). ,evergreen succulent rosette,Hardy fiber agave from Yucatán lowlands; industrial-scale plantations with durable leaves harvested twice yearly for 20+ years.,"Britannica, Wikipedia, PFAF databases.",Downloaded,https://www.mezcalistas.com/wp-content/uploads/2020/01/Lamparillo1.jpg,,Cultivated_workhorse.,Giants,Clubs,6,"""Mil Lumbres,Ultramundo,De Matachines,Maguey Melate,Burrito Fiestero,Lagrimas de Dolores"""
33,Agave angustifolia (wild forms),Tepemete,Mountains & Canyons,800-2000 m,Oaxaca and Sierra Madre regions,narrow lanceolate,green to blue-green,medium,2.5–4.5 ft,0.76–1.37 m,BBQ grill,stemless rosette,Paniculate spike; monocarpic,Wild form of angustifolia used for rustic mezcals,Least Concern (species),evergreen succulent rosette,"Name usually signals non plantation, more rugged angustifolia stands",Angustifolia ecology papers; Oaxaca maguey fichas,https://www.mezcalistas.com/wp-content/uploads/2020/01/Tepemete-2048x2048.jpg,https://www.agaveville.org/download/file.php?id=203,https://www.agaveville.org/download/file.php?id=961,Wild_stable,Compact_rosettes,Clubs,7,"""Lamata,Lagrimas de Dolores,Burrito,Rayo Blanco,Reyo Seco,Hacienda de Bañuelos"""
34,Agave multifilifera ,Chahuiqui,Mountains & Canyons,1400-2000 m,"Chihuahua, Durango, Sinaloa",narrow-channeled lanceolate,gray-green with white filaments,medium,2-3 ft,0.6-1 m,Basketball hoop,"dense rosette, filament-fringed",Slow-growing cliff-dweller producing few offsets; monocarpic with tall (5-6 m) spike of light green flowers after 10-20 years.,"Ornamental with potential beverage use; wild-harvested sparingly due to remote habitats, valued for striking fibrous leaves.",Least Concern. ,evergreen succulent rosette,Filamentous threadleaf agave from Sierra Madre cliffs; extreme xerophyte with dense white marginal curls protecting against desiccation and herbivores.,"Plant Delights, POWO, regional nurseries",http://www.watersmartplants.com/Content/PlantImages/Large/Agave%20multifilifera-1.JPG,https://www.davesgarden.com/pics/2007/10/05/palmbob/5a82e1.jpg,https://littleprinceplants.com/bv-wp-content/uploads/Agave-multifilifera-October3-e1572537424209-scaled.jpg.webp,Wild_stable,Spines_lechuguillas,Clubs,8,"""Cumbrita de la Sierra"""
35,Agave macroacantha,Espadita,Mountains & Canyons,600-1700 m,TehuacÃ¡n-CuicatlÃ¡n region; Puebla & Oaxaca; Mexico,narrow lanceolate,blue-grey to grey-green,small,1–2.5 ft,0.3–0.76 m,American football,"stemless rosette, often forming clumps",Tall panicle to 3-4 m after 10-15 years; then rosette dies,Wild and semi managed mezcal agave; produces bright structured mezcals,Endangered (EN),evergreen succulent rosette,Small striking mezcalero agave from Ixcateco / TehuacÃ¡n slopes; valued for concentrated sugars and mineral character,Useful Tropical Plants; Mezcalistas macroacantha profile; regional floras,https://www.smgrowers.com/imagedb/Agave_macroacantha.jpg,https://www.gardenia.net/wp-content/uploads/2023/05/agave-macroacantha-780x520.webp,https://llifle.com/photos/Agave_macrantha_27169_l.jpg,Wild_at_risk,Spines_lechuguillas,Clubs,9,"""Tosba,Zinacantan,Pal’alma Puebla,Tlamati,Divinos Ancestros,Cuish Espadilla"""
36,Agave cantala,Cincoañero,Valleys & Villages,800-1600 m,Yautepec district and cultivated mezcal zones of Oaxaca; also grown for fibre elsewhere,linear-lanceolate,dark blue-green to grey-green,large,4.5–7 ft,1.37–2.13 m,Human,short stemmed rosette with arching leaves,Massive flowering stalk to 6-8 m; monocarpic but offsets from base,Traditional regional mezcal and agave spirit; more often known for fibre but used locally for rustic mezcals,Not formally assessed; widely cultivated and not considered threatened in mezcal range,evergreen succulent rosette,Historic fibre maguey adopted into local mezcal production; gives dense rustic spirits when mature plants are used,Useful Tropical Plants; fibre crop guides; regional mezcal producer notes on maguey cincoaÃ±ero,https://inaturalist-open-data.s3.amazonaws.com/photos/20185783/medium.jpg,https://inaturalist-open-data.s3.amazonaws.com/photos/23063754/medium.jpeg,https://inaturalist-open-data.s3.amazonaws.com/photos/1062316/medium.jpg,Cultivated_workhorse,Giants,Clubs,10,"""Loma Noble,Mezcalero No. 5"""
37,Agave applanata,Castilla,Forest & Semi-tropical Zones,1500–2500 m,Central Mexico (notably State of Mexico and Balsas / Bajío region mentions) ,"broad lanceolate to oblong, relatively flattened rosette (consistent with A. applanata “applanate/flattened” habit).","green to bluish-green, often glaucous.",large,4–6 ft ,1.2–1.8 m,Human,"medium to large, fairly open, flattened rosette with erect–spreading leaves and prominent marginal teeth and terminal spine","Monocarpic; after 10–15+ years forms a tall, branched inflorescence with numerous yellowish flowers, then dies (typical of mezcalero agaves in this complex).","Used for mezcal in several regions; described as a close relative of Espadín/Oaxacensis, generally smaller, with wild plants often harvested for specialty mezcals labeled Castilla.",Not evaluated (local concern),evergreen succulent rosette,"Wild mezcal agave known as maguey de Castilla or maguey Castilla; mid-sized, Espadín-like plant often found in foothill and dry forest ecotones, valued for distinctive, terroir-expressive mezcals and typically described as smaller and more purely wild than Espadín.","Mexican mezcal producer and review sites, biodiversity and flora portals (EncicloVida, iNaturalist) that equate Castilla with Agave applanata.",https://scontent-bog2-1.xx.fbcdn.net/v/t39.30808-6/460850147_3820804371543588_8021501821792771479_n.png?_nc_cat=105&ccb=1-7&_nc_sid=cf85f3&_nc_ohc=7nWT8eKhsLMQ7kNvwEDGZs7&_nc_oc=Adk3w0YdBnUlceJzjCXGAm8avUPNckef0cBp7d9HM5G2I60q9l7bUpmtDvSoNZyk6f4&_nc_zt=23&_nc_ht=scontent-bog2-1.xx&_nc_gid=KR14w75-5nxhimMJn5a9jA&oh=00_Afl9XIos2P3PwliGkofSWaTFc2HLOQZxdh3zvLVxHum6Wg&oe=693BD5F6,https://static.inaturalist.org/photos/213381967/medium.jpg,https://http2.mlstatic.com/D_NQ_NP_2X_726374-MLM83422323450_042025-F.webp,Managed_wild,Giants,Hearts,A,"""Bozal,Rey Campero,Mezcal Burrito,Lamata"""
38,"A. sp., angustifolia-americana hybrid",Chuparrosa,Forest & Semi-tropical Zones,"1,200–2,000 m","Sierra Sur and Chontal Sierra of Oaxaca; mezcal producers reference communities such as Santiago Matatlán, Santa María Ecatepec, and nearby mountainous areas.","narrow to medium-width lanceolate leaves, intermediate between slim A. angustifolia “espadín” and broader A. americana; erect-arching, forming a strong upright rosette",green to blue-green,large,5–7 ft,1.5–2.1 m,Human,"large, robust rosette with many leaves; more open and upright than typical espadín.","monocarpic; after roughly 10–15+ years, produces a tall, branched inflorescence bearing numerous yellowish flowers, then the mother rosette dies, as in both parent species","Used specifically for small-batch, wild or semi-wild mezcals labeled “Chuparrosa,” with producers describing distinctive floral, spicy, and subtly sweet profiles.",Not evaluated,evergreen succulent rosette,"Wild mezcal agave from highland Oaxaca, taxonomically unresolved (often recorded simply as Agave sp. “Chuparrosa”), showing intermediate morphology between A. angustifolia and A. americana and valued for complex, floral–spiced mezcal with limited, small-scale production.","Mezcal Reviews – Dixeebe Chuparrosa , Old Town Tequila – Dixeebe Chuparrosa Mezcal , Mezcal Amarás Logia Chuparrosa – product/brand page , Maestros Selectos – CHUPARROSA agave info , Various retail/brand listings for Chuparrosa mezcal (e.g., Moreno’s, Drinqy, social posts) , Scientific and technical papers on Agave angustifolia (micropropagation, morphology, management) , Descriptive resources on Agave angustifolia for mezcal (Mezcología) , General references on Agave americana biology and uses (encyclopedic and plant databases) ",https://scontent-lim1-1.xx.fbcdn.net/v/t1.6435-9/94189655_182200506573117_7668258288433102848_n.jpg?_nc_cat=100&ccb=1-7&_nc_sid=0b6b33&_nc_ohc=xbY4TDCcAqAQ7kNvwEjTZq8&_nc_oc=AdkoLQOcNe8BB_U-1zQ3SsVyFDtZ9t0Xc2lCG3NR4O7ERLsyY9UiDAPCk69AHT-xvNU&_nc_zt=23&_nc_ht=scontent-lim1-1.xx&_nc_gid=2YXGOFSVgiQY9L5YztWg_w&oh=00_AfkxlnBXIaAE44ieSwCnmgr9aJFtEhdUJpE11JbEBa5NlQ&oe=6963BDE0,https://scontent-lim1-1.xx.fbcdn.net/v/t39.30808-6/474622194_593315056886148_3118578852508430012_n.jpg?_nc_cat=104&ccb=1-7&_nc_sid=833d8c&_nc_ohc=Fz0pOb6odFwQ7kNvwHSK5yt&_nc_oc=Adnu68RBXPXlJsRuJCmwKcxEyHIOdJ-KI0ExgTULVIpt3vO5ezr1eJSozwJIs_5RxFs&_nc_zt=23&_nc_ht=scontent-lim1-1.xx&_nc_gid=NX5FKTtTc_gZS83VfH_QGQ&oh=00_AfmzChHk2kr_pOeRyiPDnYFIHqyxgxpdk5f6WkD0hd8bBQ&oe=6942271A,,Managed_wild,Giants,Diamonds,A,"""Maguey Melate,Dixeebe Mezcal,Amaras,Wild Chuparrosa Mezcal"""
39,Agave atrovirens,Pulquero ,Mountains & Canyons,2500-3500 m,"Oaxaca, Puebla, Veracruz",broad lanceolate,,very_large,8-12 ft,2.4-3.6 m,Basketball hoop,massive basal rosette,"slow-growing giant producing offsets (hijuelos); monocarpic after 8-12 years, sending up enormous 12+ m scape with red-to-yellow flowers in panicle",Primary species for pulque production (fermented sap); also mezcal base and medicinal; traditionally managed in agroforestry.,Not evaluated.,evergreen succulent rosette,Giant pulque agave of Mexican highlands; largest native agave rosettes with immense sap yield from tapped flower stalks.,"Wikipedia, iNaturalist, EncicloVida, Useful Tropical Plants.",https://inaturalist-open-data.s3.amazonaws.com/photos/338325170/medium.jpeg,https://inaturalist-open-data.s3.amazonaws.com/photos/225547092/medium.jpeg,https://inaturalist-open-data.s3.amazonaws.com/photos/4707791/medium.jpeg,Cultivated_workhorse.,Giants,Spades,A,"""Rey Campero,El Buho,Koch, NETA,El Cortijo"""
40,Agave americana var.,Pulque Chino,Arid Plateaus & Desert,1000-2000 m,"Oaxaca (Miahuatlán, Logoche)",broad lanceolate,,very_large,6-10 ft,1.8-3 m,Basketball hoop,dense basal rosette,"slow-growing with offsets; monocarpic after 10-30 years, producing massive 8-9 m branched inflorescence with yellow flowers prior to sap extraction.",Selected specifically for aguamiel (pulque sap) production through heart-tapping; also distilled as regional mezcal; widely cultivated in traditional systems.,Not evaluated (widespread A. americana complex).,evergreen succulent rosette,"Pulque-specialized landrace of century plant from Oaxacan highlands; human-selected for massive sap production. Rare, hyper-local bottlings not found in commercial-scale production.","Neta Spirits, Mezcal Reviews, CONABIO agave fichas.",https://images.squarespace-cdn.com/content/v1/5baaf20caf4683107500771a/1660764401255-CF7O4DEH49Z107IY3HJ2/pulquero+%2522cenizo%2522.jpg?format=750w,https://images.squarespace-cdn.com/content/v1/5baaf20caf4683107500771a/1660764409802-A5O1TX4CZ1E4HQXVE3KD/pulquero_JakeLindeman_web.jpg?format=750w,https://cdn.britannica.com/70/120970-050-A2EF4F38/plant.jpg,Cultivated_workhorse.,Giants,Clubs,A,"""NETA"